article_id,category_id,subcategory_id,char_count,word_count,sentence_count,unique_word_count,lexical_diversity,avg_word_length,title_char_count,title_word_count,description_char_count,description_word_count,title_to_content_word_ratio,publication_hour,publication_weekday
5124415,5,19,8014,1791,94,382,0.213289,3.333892,19,5,145,33,0.002792,0,4
5124394,5,22,1985,417,14,262,0.628297,3.627404,64,13,169,33,0.031175,20,3
5124387,5,5,4068,900,27,393,0.436667,3.430478,55,13,167,39,0.014444,19,3
5124372,5,19,2806,622,29,344,0.553055,3.36876,50,11,166,38,0.017685,18,3
5124326,3,8,1593,330,14,217,0.657576,3.714724,45,8,123,27,0.024242,20,3
5124299,3,6,2451,533,21,308,0.577861,3.468045,61,13,147,31,0.02439,15,3
5124054,3,14,4810,1031,48,465,0.451018,3.535992,50,11,126,27,0.010669,15,3
5124238,3,10,1596,349,15,206,0.590258,3.41954,23,5,113,23,0.014327,14,3
5124173,1,11,7365,1624,75,343,0.211207,3.44766,54,12,118,26,0.007389,0,4
5124413,1,4,1990,448,13,227,0.506696,3.350446,52,13,149,35,0.029018,20,3
5124340,1,4,1809,407,12,216,0.530713,3.359606,54,13,140,32,0.031941,16,3
5124043,1,4,1792,393,10,254,0.64631,3.424936,67,15,149,34,0.038168,8,3
5124164,2,17,2941,626,18,296,0.472843,3.629213,35,8,165,35,0.01278,0,4
5124244,2,1,2750,579,20,319,0.55095,3.656846,49,9,135,29,0.015544,19,3
5124310,2,23,2286,484,18,300,0.619835,3.584711,50,13,131,25,0.02686,16,3
5123966,2,1,1747,374,13,246,0.657754,3.571046,45,9,134,29,0.024064,9,3
5122207,4,7,3166,688,24,307,0.446221,3.516837,57,13,121,27,0.018895,1,4
5124261,4,7,3629,747,33,304,0.406961,3.762803,32,7,155,36,0.009371,1,4
5123593,4,15,3391,734,22,350,0.476839,3.536451,35,8,178,40,0.010899,0,4
5124307,4,20,1956,429,18,251,0.585082,3.441589,42,10,139,30,0.02331,20,3
5128364,5,5,2923,635,17,313,0.492913,3.473934,38,9,171,37,0.014173,9,0
5128283,5,19,3647,796,29,377,0.473618,3.5,42,10,144,33,0.012563,6,0
5127780,5,0,3866,875,37,403,0.460571,3.343057,45,10,249,58,0.011429,5,0
5127260,5,9,6712,1530,59,384,0.25098,3.260211,37,10,132,31,0.006536,5,0
5128407,3,14,1432,300,15,207,0.69,3.638796,29,6,137,29,0.02,9,0
5128194,3,21,5346,1180,42,468,0.39661,3.426508,69,16,169,38,0.013559,6,0
5127498,3,8,4038,868,30,418,0.481567,3.499423,66,14,138,31,0.016129,5,0
5128289,3,6,3204,695,21,341,0.490647,3.489914,61,14,103,23,0.020144,0,0
5128278,1,4,1827,413,17,213,0.515738,3.25,58,14,94,22,0.033898,0,0
5128146,1,13,4135,892,44,294,0.329596,3.543722,48,10,99,22,0.011211,0,0
5128298,1,2,7339,1620,59,616,0.380247,3.425651,59,13,177,40,0.008025,9,0
5127699,1,18,3707,801,32,425,0.530587,3.518148,64,14,135,29,0.017478,9,0
5128083,2,16,2013,439,14,268,0.610478,3.480638,58,14,157,36,0.031891,7,0
5128237,2,3,2649,559,22,296,0.529517,3.593918,41,10,148,30,0.017889,6,0
5127331,2,12,4591,987,35,508,0.514691,3.538618,61,14,126,29,0.014184,5,0
5128081,2,1,1947,434,13,261,0.601382,3.408776,50,11,147,34,0.025346,5,0
5128379,4,7,3138,679,19,361,0.531664,3.540501,67,15,136,30,0.022091,9,0
5128336,4,20,2592,547,22,307,0.561243,3.650735,38,9,145,31,0.016453,8,0
5128122,4,20,5815,1294,50,536,0.414219,3.387172,51,12,180,43,0.009274,7,0
5128208,4,20,3939,878,30,425,0.484055,3.367882,69,16,133,32,0.018223,6,0
